{
  "config": {
    "num_nodes": 500,
    "edge_probability": 0.02,
    "max_edge_weight": 10.0,
    "source_node": 0,
    "batch_size": 50,
    "use_hierarchy": true,
    "hierarchy_levels": 3,
    "seed": 42
  },
  "results": {
    "distances": [
      0.0,
      9.97277269060107,
      5.153771136610182,
      12.062851112454167,
      9.682899670186583,
      8.832411672144348,
      11.90410029312866,
      13.431584592617188,
      10.783450503299182,
      8.608648160801776,
      8.516814791025773,
      10.904127085988716,
      8.188958380162155,
      10.401543647737718,
      12.932617525408649,
      12.020292993306995,
      11.661695916917926,
      13.352270224647697,
      5.00353561637279,
      14.099279965675638,
      9.298917121653826,
      11.525511989186175,
      12.131743229918088,
      10.908378695953365,
      10.87329621391331,
      9.867440507710548,
      7.9209471078542855,
      12.094643458850554,
      7.7483649082564305,
      5.316598415983373,
      8.270253864603113,
      10.109947995968724,
      8.701032260352283,
      8.038919181996567,
      12.857512964835877,
      11.428507198400634,
      13.170803460433858,
      12.093682866334433,
      7.450104524183654,
      8.81630259919739,
      12.117322224030906,
      8.89349496237184,
      12.917191327580344,
      10.562643159207754,
      10.467601193462817,
      11.20479615726847,
      10.714209511093577,
      6.5342202925390245,
      9.910658841241156,
      14.340414973693075,
      11.859244071307337,
      9.078336254154337,
      13.098811007376595,
      10.989101164260964,
      7.595637200183287,
      8.454161750547362,
      13.72783018123482,
      7.788792693762174,
      12.152200616354301,
      11.015455548216474,
      13.899947448016546,
      8.900341382556615,
      8.420433484314808,
      8.129958453249273,
      16.022763591045486,
      10.64586298434053,
      12.10781451585406,
      11.378983121331023,
      13.457259625307149,
      6.76728444776977,
      14.982201024106377,
      10.038224855338761,
      10.043341327655995,
      8.339152856093508,
      12.20536974701315,
      8.051476702024463,
      9.408847627380599,
      10.839265318923825,
      11.107682133654817,
      6.908308844599313,
      14.912002367092008,
      7.500482029082214,
      4.8986675177445544,
      12.913729012494837,
      7.404077239341103,
      8.935880697980028,
      9.648017612837467,
      11.046947219401316,
      5.387609330335317,
      9.370203016944512,
      7.520972106977287,
      8.713706307273753,
      10.471039069002217,
      9.425410263141554,
      12.686937303175284,
      13.184001744434779,
      9.816171400809642,
      10.306569892983537,
      11.36742838769604,
      12.773189441161026,
      8.343531254548553,
      6.917934938825694,
      11.571011643416565,
      11.31231717946548,
      8.935782319887277,
      9.362621604599845,
      8.830336690824279,
      11.329580909978661,
      13.20183075418576,
      9.10386141401654,
      10.434044011274437,
      9.656902680791566,
      12.656551748111296,
      5.154267658659437,
      11.78144365803491,
      10.821685771093179,
      8.882707443031542,
      11.180494682876253,
      11.591452954343879,
      18.18036264614839,
      12.691002270707479,
      12.224218500303097,
      12.745780808333297,
      10.070056212690762,
      12.841699220651586,
      9.404304099802637,
      6.717941719279052,
      9.96450387514577,
      5.596725723198092,
      12.06593770579227,
      12.306971341799972,
      15.958983315700639,
      12.96975681168496,
      6.991556146293886,
      10.898032532660652,
      10.364851030192973,
      8.045475044857275,
      10.12461929494545,
      10.522101764660304,
      14.493818433122692,
      9.814294943271356,
      8.629624918193475,
      9.910087631470905,
      10.951727263148939,
      11.493812120441305,
      8.567585923953022,
      11.620153372229513,
      15.32061470622965,
      13.311445890569576,
      5.244881920846791,
      9.961902157006111,
      4.61373701303325,
      7.129919588015433,
      3.1267267491132884,
      10.83695118080894,
      12.412152908325869,
      10.743164558462318,
      10.158531323617566,
      9.654959024019957,
      10.685697004253889,
      6.35648178812845,
      8.369592010479398,
      11.450496513208206,
      11.62595295546565,
      12.28151575193831,
      11.951781390811226,
      7.492592668539052,
      11.658914038963507,
      7.399535853501303,
      11.497357001630922,
      5.608837524693529,
      10.284435855055321,
      9.094897068340243,
      9.045735191941956,
      11.623694933496903,
      12.310067340083105,
      11.557951978977194,
      6.939702030099678,
      10.27805015814975,
      10.432326988066,
      11.343149893677575,
      8.70125683618304,
      11.186630282557577,
      11.514925306126079,
      11.911845916777054,
      10.350318465672608,
      11.875557384264562,
      11.214463576508427,
      8.733832388596818,
      9.718714829267643,
      6.997610651417949,
      11.708833767059115,
      11.295181293811874,
      10.557167038722248,
      8.910619572765288,
      10.045851002731606,
      9.198178547075987,
      13.296457284554828,
      10.587956410665178,
      11.948025485806776,
      11.709186561852382,
      11.260134980650879,
      10.703805114942442,
      1.913243885794289,
      11.241035771595435,
      2.4472724627574878,
      15.36574763357915,
      8.04478897484507,
      9.714795421489796,
      11.106654702597856,
      11.748024018307614,
      11.725213023811998,
      10.909440556912303,
      13.535521843784359,
      7.408980922466363,
      11.837142081003146,
      12.102190291158994,
      8.971194007958598,
      9.325939679898386,
      10.302722697795552,
      13.264328954044181,
      9.249026966611181,
      8.709436381419486,
      10.547879835538465,
      8.957431527207287,
      7.90059364867029,
      11.166230803422165,
      12.45544958674586,
      10.470493927439023,
      5.176356095228,
      9.620339757225437,
      9.60528070028241,
      10.434766458416966,
      11.582465093413369,
      14.82145549743319,
      8.30700807050287,
      6.086808318295912,
      12.422108260951397,
      6.879896572561703,
      12.303129853221144,
      7.168326973754702,
      13.968518887267514,
      5.089627542521184,
      7.569537517250146,
      7.125283969690743,
      10.634564350394989,
      6.805793126761212,
      11.402531117306385,
      11.024480900017846,
      8.263978563748195,
      11.520340013188507,
      9.004850434283734,
      11.249385360317543,
      6.7834505455691,
      5.508401430829391,
      8.477198296122568,
      10.747969490665266,
      11.826248922653434,
      16.92439652688651,
      10.979019217584284,
      11.603063953517518,
      12.08388347919097,
      8.756109241371782,
      14.350191963586537,
      5.315607518237185,
      12.695800068216094,
      10.006798005230625,
      13.41790467720453,
      13.856770342981022,
      9.913757893857976,
      11.11264822675022,
      7.934955415548515,
      9.811174154321115,
      13.13809286504156,
      7.933246940484561,
      12.474745212658163,
      12.566148116869861,
      9.855225543756882,
      12.440667297716487,
      12.562382726536516,
      3.3715695765401636,
      10.065712625165714,
      9.119575782721613,
      13.554567297627797,
      8.360741097518112,
      9.96606332390181,
      7.635699892368877,
      11.535329806250836,
      10.44774219948122,
      10.711505985170398,
      11.06740634680382,
      10.422496394847794,
      12.258444952230397,
      11.538579006636208,
      9.69655219290608,
      11.197653666078361,
      3.088163762452644,
      11.227617274361602,
      7.681094157357657,
      10.598974445140293,
      12.624319556475077,
      11.437738945682906,
      7.331543219871356,
      8.822231574479188,
      14.318041187138776,
