{
  "kernel_name": "autonomous_systems",
  "backend": "cpu",
  "precision": "fp32",
  "problem_size": {
    "seed": 1337,
    "scale": 1.0
  },
  "timing": {
    "latency_ms_p50": 0.010915000018485443,
    "latency_ms_p90": 0.011856299943246995,
    "latency_ms_p99": 0.013106129986226733,
    "latency_ms_mean": 0.011306199985483545,
    "latency_ms_std": 0.0007427081157941324,
    "throughput_ops_per_sec": 88447.0468666694,
    "iterations": 10,
    "raw_times_ms": [
      0.01324499999100226,
      0.011701999937940855,
      0.011551999932635226,
      0.011611999980232213,
      0.01093000003038469,
      0.010859999974854873,
      0.010670000051504758,
      0.010709999969549244,
      0.010900000006586197,
      0.010880999980145134
    ]
  },
  "memory": null,
  "energy": null,
  "accuracy": null,
  "success": true,
  "error_message": null,
  "metadata": {
    "iterations": 10,
    "warmup": 2,
    "seed": 1337
  }
}