{
  "kernel_name": "autonomous_systems",
  "backend": "jax",
  "precision": "fp32",
  "problem_size": {
    "seed": 1337,
    "scale": 1.0
  },
  "timing": {
    "latency_ms_p50": 0.010739999993347737,
    "latency_ms_p90": 0.011183999981767556,
    "latency_ms_p99": 0.011643289965377335,
    "latency_ms_mean": 0.010825633300252472,
    "latency_ms_std": 0.00028310415538381677,
    "throughput_ops_per_sec": 92373.34872378121,
    "iterations": 30,
    "raw_times_ms": [
      0.011700999948516255,
      0.01108099991142808,
      0.011502000006657909,
      0.011210999900868046,
      0.010969999948429177,
      0.010709999969549244,
      0.010630000133460271,
      0.010990999953719438,
      0.01118099999075639,
      0.011060999895562418,
      0.010790000033011893,
      0.010851000070033479,
      0.010659999816198251,
      0.010649999921952258,
      0.010700000075303251,
      0.010539999948377954,
      0.010640000027706265,
      0.01083999995898921,
      0.010799999927257886,
      0.010629999906086596,
      0.010559999964243616,
      0.010969999948429177,
      0.010689999953683582,
      0.010729999985414906,
      0.01053000005413196,
      0.010609999890220934,
      0.010559999964243616,
      0.010750000001280569,
      0.010750000001280569,
      0.010479999900780967
    ]
  },
  "memory": null,
  "energy": null,
  "accuracy": null,
  "success": true,
  "error_message": null,
  "metadata": {
    "iterations": 30,
    "warmup": 3,
    "seed": 1337
  }
}