{
  "kernel_name": "pressure_poisson",
  "backend": "cuda",
  "precision": "fp32",
  "problem_size": {
    "grid_size": [
      64,
      64,
      64
    ],
    "max_iterations": 50,
    "tolerance": 1e-05
  },
  "timing": {
    "latency_ms_p50": 44.498574000044755,
    "latency_ms_p90": 45.14405229995191,
    "latency_ms_p99": 48.224789979981324,
    "latency_ms_mean": 44.59696453330556,
    "latency_ms_std": 0.9982155442240854,
    "throughput_ops_per_sec": 22.42305077183421,
    "iterations": 30,
    "raw_times_ms": [
      44.78355600008399,
      43.91840199991748,
      49.40904499994758,
      44.008278999854156,
      45.05368000013732,
      44.14094599997043,
      44.89556400017136,
      44.73877200007337,
      45.13621399996737,
      44.651879999946686,
      44.67398199994932,
      43.95166399990558,
      44.48574000002736,
      45.32540700006393,
      44.72729999997682,
      43.86245799992139,
      44.56279399983032,
      44.07882000009522,
      44.51140800006215,
      43.75827199987725,
      44.710789999953704,
      43.863829999963855,
      44.46323799993479,
      43.75044800008254,
      44.70967799989012,
      45.214596999812784,
      44.11178499981361,
      44.26202299987381,
      44.073260000004666,
      44.07510400005776
    ]
  },
  "memory": null,
  "energy": null,
  "accuracy": null,
  "success": true,
  "error_message": null,
  "metadata": {
    "iterations": 30,
    "warmup": 3,
    "seed": 1337
  }
}