{
  "kernel_name": "pressure_poisson",
  "backend": "cpu",
  "precision": "fp32",
  "problem_size": {
    "grid_size": [
      64,
      64,
      64
    ],
    "max_iterations": 50,
    "tolerance": 1e-05
  },
  "timing": {
    "latency_ms_p50": 44.42967449995194,
    "latency_ms_p90": 44.69740239993598,
    "latency_ms_p99": 45.837966639941214,
    "latency_ms_mean": 44.53076019998434,
    "latency_ms_std": 0.5070075448621459,
    "throughput_ops_per_sec": 22.456387349083514,
    "iterations": 10,
    "raw_times_ms": [
      45.964695999941796,
      44.553766000035466,
      44.40773299995726,
      44.41745199994784,
      44.44189699995604,
      44.472694000091906,
      43.971836999958214,
      44.348341999921104,
      44.17259300009846,
      44.556591999935335
    ]
  },
  "memory": null,
  "energy": null,
  "accuracy": null,
  "success": true,
  "error_message": null,
  "metadata": {
    "iterations": 10,
    "warmup": 2,
    "seed": 1337
  }
}