{
  "kernel_name": "quasim_runtime",
  "backend": "cpu",
  "precision": "fp32",
  "problem_size": {
    "batches": 16,
    "rank": 2,
    "dimension": 1024,
    "repeat": 10
  },
  "timing": {
    "latency_ms_p50": 38.593871999978546,
    "latency_ms_p90": 38.88474230003567,
    "latency_ms_p99": 38.955271429969116,
    "latency_ms_mean": 38.65272709999772,
    "latency_ms_std": 0.16997847209833705,
    "throughput_ops_per_sec": 25.87139575981067,
    "iterations": 10,
    "raw_times_ms": [
      38.44748400001663,
      38.43873699997857,
      38.57506099996044,
      38.55755899996893,
      38.876035000043885,
      38.75866499993208,
      38.96310799996172,
      38.61268299999665,
      38.533073000053264,
      38.76486600006501
    ]
  },
  "memory": null,
  "energy": null,
  "accuracy": null,
  "success": true,
  "error_message": null,
  "metadata": {
    "iterations": 10,
    "warmup": 2,
    "seed": 1337
  }
}