{
  "kernel_name": "quasim_runtime",
  "backend": "cpu",
  "precision": "fp32",
  "problem_size": {
    "batches": 16,
    "rank": 2,
    "dimension": 1024,
    "repeat": 30
  },
  "timing": {
    "latency_ms_p50": 115.59560900002452,
    "latency_ms_p90": 115.98139940010697,
    "latency_ms_p99": 117.01242342011028,
    "latency_ms_mean": 115.54177856666381,
    "latency_ms_std": 0.5270656418613233,
    "throughput_ops_per_sec": 8.654878022524406,
    "iterations": 30,
    "raw_times_ms": [
      116.02174999984527,
      115.72406400000546,
      115.62310599992998,
      116.03411300006883,
      115.85251299993615,
      115.35922399980336,
      115.86114000010639,
      115.63472800003183,
      115.23442099996828,
      115.97691600013604,
      115.61560099994495,
      115.3782690000753,
      115.80326199987212,
      115.5756170001041,
      115.93037900001946,
      115.3061949999028,
      115.23943000020154,
      115.84820600000967,
      117.41201500012721,
      115.2668789998188,
      115.76875599985215,
      114.55283699979191,
      115.25960600010876,
      115.50035499999467,
      115.70664000009856,
      114.56812599999466,
      115.18732099989393,
      114.87630100009483,
      114.81653000009828,
      115.31905700007883
    ]
  },
  "memory": null,
  "energy": null,
  "accuracy": null,
  "success": true,
  "error_message": null,
  "metadata": {
    "iterations": 30,
    "warmup": 3,
    "seed": 1337
  }
}