{
  "rmse_altitude": 31373.87288773932,
  "rmse_velocity": 28.184308408213365,
  "q_max": 190543.47179173955,
  "fuel_margin": 0
}